"Date","Price","Open","High","Low","Vol.","Change %"
"07/30/2024","35.88","35.86","37.02","35.83","3.29M","0.39%"
"07/29/2024","35.74","35.80","35.84","35.15","2.38M","0.68%"
"07/26/2024","35.50","35.42","35.66","35.12","703.50K","0.25%"
"07/25/2024","35.41","34.83","35.44","34.80","1.43M","0.23%"
"07/24/2024","35.33","35.00","35.52","34.67","1.20M","-0.25%"
"07/23/2024","35.42","35.15","35.42","34.80","1.25M","0.85%"
"07/22/2024","35.12","35.28","35.55","34.83","880.34K","-0.03%"
"07/19/2024","35.13","35.19","35.51","34.79","965.38K","-0.48%"
"07/18/2024","35.30","34.98","35.59","34.42","1.90M","1.50%"
"07/17/2024","34.78","35.80","35.98","34.62","2.07M","-3.07%"
"07/16/2024","35.88","36.51","36.59","35.64","1.55M","-2.15%"
"07/15/2024","36.67","36.50","36.88","36.17","1.26M","-0.35%"
"07/12/2024","36.80","36.45","36.87","36.26","1.78M","0.55%"
"07/11/2024","36.60","36.00","36.75","35.73","878.42K","2.32%"
"07/10/2024","35.77","36.41","36.56","35.36","1.81M","-0.89%"
"07/09/2024","36.09","35.86","36.13","35.80","1.16M","0.59%"
"07/08/2024","35.88","35.60","36.03","35.41","1.32M","0.79%"
"07/05/2024","35.60","36.72","36.72","35.24","1.55M","-2.25%"
"07/04/2024","36.42","36.63","36.77","35.97","1.25M","-0.57%"
"07/03/2024","36.63","36.93","36.98","36.38","1.86M","0.52%"
"07/02/2024","36.44","37.13","37.24","36.24","3.15M","-2.17%"
"07/01/2024","37.25","37.90","38.13","37.21","2.07M","-1.19%"
"06/28/2024","37.70","38.12","38.21","37.45","1.68M","-0.92%"
"06/27/2024","38.05","38.10","38.90","37.91","3.44M","-0.63%"
"06/26/2024","38.29","38.00","38.44","37.77","5.41M","1.86%"
"06/25/2024","37.59","37.62","38.04","37.12","2.15M","-0.08%"
"06/24/2024","37.62","37.00","37.80","36.97","2.22M","1.51%"
"06/21/2024","37.06","37.05","37.52","36.87","5.54M","-0.35%"
"06/20/2024","37.19","37.30","37.63","36.78","2.38M","-0.29%"
"06/19/2024","37.30","37.50","37.55","36.92","1.23M","0.27%"
"06/18/2024","37.20","37.93","37.99","37.12","1.67M","-1.33%"
"06/17/2024","37.70","36.73","37.95","36.73","6.49M","2.53%"
"06/14/2024","36.77","37.27","37.27","36.36","1.47M","-1.53%"
"06/13/2024","37.34","37.72","37.78","37.01","1.62M","-0.59%"
"06/12/2024","37.56","37.30","37.68","36.86","3.45M","0.70%"
"06/11/2024","37.30","37.50","37.78","36.95","1.44M","-0.51%"
"06/10/2024","37.49","36.69","37.49","36.66","2.25M","0.83%"
"06/07/2024","37.18","37.65","37.81","36.68","2.35M","-1.30%"
"06/06/2024","37.67","38.30","38.79","37.48","1.87M","-1.52%"
"06/05/2024","38.25","38.29","38.54","37.78","2.27M","-0.10%"
"06/04/2024","38.29","37.89","38.51","37.62","4.13M","0.76%"
"06/03/2024","38.00","38.17","38.47","37.60","2.23M","0.61%"
"05/31/2024","37.77","38.90","39.00","37.00","9.42M","-3.45%"
"05/29/2024","39.12","39.60","39.83","38.67","3.75M","-1.81%"
"05/28/2024","39.84","40.00","40.71","39.52","4.21M","-0.62%"
"05/27/2024","40.09","39.98","40.09","39.45","7.78M","0.23%"
"05/24/2024","40.00","39.72","40.39","39.62","3.35M","0.20%"
"05/23/2024","39.92","38.59","41.13","38.38","7.74M","5.30%"
"05/22/2024","37.91","37.50","37.91","36.23","3.30M","0.74%"
"05/21/2024","37.63","38.70","38.88","37.40","3.31M","-3.12%"
"05/20/2024","38.84","39.00","39.18","36.98","4.02M","-0.03%"
"05/17/2024","38.85","38.16","38.85","38.16","5.80M","1.20%"
"05/16/2024","38.39","38.22","38.74","38.11","2.02M","0.42%"
"05/15/2024","38.23","38.01","38.23","37.63","3.48M","0.45%"
"05/14/2024","38.06","38.00","38.08","37.30","5.34M","0.00%"
"05/13/2024","38.06","37.71","38.45","37.71","3.87M","0.16%"
"05/10/2024","38.00","37.50","38.12","37.34","3.95M","2.37%"
"05/09/2024","37.12","36.44","37.50","36.22","7.43M","1.95%"
"05/08/2024","36.41","36.20","36.72","36.10","3.53M","0.55%"
"05/07/2024","36.21","36.60","37.19","35.83","5.61M","-1.90%"
"05/06/2024","36.91","34.62","37.59","34.62","6.02M","7.92%"
"05/02/2024","34.20","33.90","34.52","33.90","1.03M","0.53%"
"04/30/2024","34.02","34.37","34.62","33.73","1.46M","-0.82%"
"04/29/2024","34.30","33.29","34.38","33.29","2.93M","3.10%"
"04/26/2024","33.27","32.60","33.90","32.60","2.69M","3.00%"
"04/25/2024","32.30","32.73","33.00","32.23","1.86M","-1.82%"
"04/24/2024","32.90","33.33","33.48","32.49","2.87M","-1.29%"
"04/23/2024","33.33","33.49","33.80","32.98","2.20M","0.09%"
"04/22/2024","33.30","32.99","33.80","32.65","10.53M","1.96%"
"04/19/2024","32.66","32.48","33.15","32.48","8.86M","-1.03%"
"04/18/2024","33.00","31.96","33.02","31.69","6.89M","3.48%"
"04/17/2024","31.89","33.10","33.41","31.89","15.70M","1.63%"
"04/16/2024","31.38","30.58","31.48","30.50","2.11M","1.16%"
"04/15/2024","31.02","31.00","31.50","30.73","856.11K","0.26%"
"04/12/2024","30.94","31.48","31.75","30.85","1.77M","-1.62%"
"04/11/2024","31.45","31.18","32.06","31.18","3.30M","1.32%"
"04/10/2024","31.04","30.80","31.20","30.68","2.26M","0.94%"
"04/09/2024","30.75","31.05","31.53","30.56","2.19M","-0.97%"
"04/08/2024","31.05","30.64","31.12","30.52","2.21M","0.49%"
"04/05/2024","30.90","31.50","31.51","30.79","3.02M","-2.40%"
"04/04/2024","31.66","32.00","32.09","31.52","2.23M","-1.34%"
"04/03/2024","32.09","32.12","32.72","31.70","1.78M","-0.34%"
"04/02/2024","32.20","33.07","33.07","31.86","1.93M","-2.69%"
"03/28/2024","33.09","32.43","33.14","32.43","2.12M","2.10%"
"03/27/2024","32.41","31.96","32.41","31.90","1.20M","1.41%"
"03/26/2024","31.96","31.60","32.36","31.47","2.45M","1.17%"
"03/25/2024","31.59","32.60","32.71","31.49","1.66M","-3.51%"
"03/22/2024","32.74","32.63","33.37","32.45","2.51M","0.46%"
"03/21/2024","32.59","31.80","32.75","31.77","2.77M","3.10%"
"03/20/2024","31.61","31.70","32.06","31.47","2.23M","-0.09%"
"03/19/2024","31.64","32.05","32.99","31.20","3.11M","-1.28%"
"03/18/2024","32.05","33.07","33.55","31.46","3.33M","-3.06%"
"03/15/2024","33.06","30.80","33.49","30.80","9.87M","7.76%"
"03/14/2024","30.68","31.36","32.15","30.34","6.22M","1.12%"
"03/13/2024","30.34","31.16","31.18","30.31","2.77M","-2.41%"
"03/12/2024","31.09","31.00","31.32","30.67","2.98M","0.81%"
"03/11/2024","30.84","31.23","31.30","30.52","2.13M","-1.34%"
"03/08/2024","31.26","30.98","31.40","30.52","2.58M","1.49%"
"03/07/2024","30.80","30.30","30.88","30.10","1.90M","0.92%"
"03/06/2024","30.52","30.54","30.89","30.50","2.08M","-0.07%"
"03/05/2024","30.54","30.70","30.82","30.22","3.12M","-0.68%"
"03/04/2024","30.75","31.50","31.55","30.71","1.72M","-1.91%"
"03/01/2024","31.35","32.59","32.63","31.14","1.73M","-2.76%"
"02/29/2024","32.24","32.15","32.71","31.91","1.93M","-0.34%"
"02/28/2024","32.35","33.54","33.54","32.30","1.52M","-3.55%"
"02/27/2024","33.54","33.38","33.96","33.12","2.05M","0.48%"
"02/26/2024","33.38","32.87","33.44","32.84","1.16M","1.55%"
"02/23/2024","32.87","33.13","33.94","32.64","2.29M","-0.75%"
"02/22/2024","33.12","31.73","33.16","31.44","3.12M","6.22%"
"02/21/2024","31.18","31.86","32.12","31.14","1.64M","-2.13%"
"02/20/2024","31.86","31.98","32.40","31.80","1.27M","-1.24%"
"02/19/2024","32.26","31.80","32.31","31.67","1.22M","1.45%"
"02/16/2024","31.80","32.00","32.30","31.62","477.95K","-0.63%"
"02/15/2024","32.00","32.05","32.26","31.88","1.02M","-0.16%"
"02/14/2024","32.05","31.04","32.10","31.04","943.22K","2.43%"
"02/13/2024","31.29","32.16","32.70","30.79","3.37M","-2.83%"
"02/12/2024","32.20","31.70","32.20","31.50","1.60M","1.71%"
"02/09/2024","31.66","31.48","31.80","31.34","2.19M","0.57%"
"02/08/2024","31.48","30.90","31.70","30.87","1.19M","1.55%"
"02/07/2024","31.00","30.53","31.20","30.43","1.01M","1.14%"
"02/06/2024","30.65","30.78","30.84","30.33","1.46M","0.89%"
"02/05/2024","30.38","30.60","31.28","30.25","1.99M","-0.10%"
"02/02/2024","30.41","31.05","31.57","30.41","2.23M","-1.81%"
"02/01/2024","30.97","30.39","31.29","30.16","1.86M","1.91%"
"01/31/2024","30.39","30.02","30.40","30.02","1.35M","0.96%"
"01/30/2024","30.10","30.14","30.48","29.96","682.67K","-0.13%"
"01/29/2024","30.14","30.20","30.36","29.86","877.96K","-0.26%"
"01/26/2024","30.22","30.00","30.30","29.85","1.05M","0.07%"
"01/25/2024","30.20","30.59","31.09","29.93","1.61M","-1.05%"
"01/24/2024","30.52","30.30","30.62","30.02","1.27M","1.73%"
"01/23/2024","30.00","30.54","30.61","29.77","1.54M","-0.76%"
"01/22/2024","30.23","31.30","31.52","30.12","2.51M","-4.06%"
"01/19/2024","31.51","30.93","31.51","30.27","2.72M","3.01%"
"01/18/2024","30.59","30.45","31.02","30.02","2.12M","1.29%"
"01/17/2024","30.20","30.60","30.80","30.12","1.82M","-2.23%"
"01/16/2024","30.89","31.10","31.41","30.75","1.24M","-0.68%"
"01/15/2024","31.10","32.40","32.70","30.91","2.01M","-4.01%"
"01/12/2024","32.40","31.73","32.89","31.72","3.98M","3.15%"
"01/11/2024","31.41","31.48","32.44","31.27","5.73M","-0.13%"
"01/10/2024","31.45","30.50","31.51","30.41","3.87M","3.11%"
"01/09/2024","30.50","30.19","30.55","29.95","2.68M","2.04%"
"01/08/2024","29.89","29.63","29.97","29.52","2.39M","-0.13%"
"01/05/2024","29.93","29.89","30.11","29.54","2.21M","-0.23%"
"01/04/2024","30.00","30.50","30.84","29.84","4.49M","-1.12%"
"01/03/2024","30.34","31.00","31.16","29.84","4.28M","-3.10%"
"01/02/2024","31.31","33.33","33.33","31.31","2.84M","-6.06%"
"12/29/2023","33.33","33.50","33.63","33.04","1.21M","-0.45%"
"12/28/2023","33.48","33.50","33.88","33.34","1.39M","0.24%"
"12/27/2023","33.40","33.20","33.56","33.16","1.26M","1.21%"
"12/22/2023","33.00","32.85","33.09","32.35","1.45M","-0.12%"
"12/21/2023","33.04","33.40","33.40","32.70","2.27M","-1.55%"
"12/20/2023","33.56","33.68","33.87","33.20","2.19M","-0.30%"
"12/19/2023","33.66","33.23","34.15","33.23","2.53M","-0.53%"
"12/18/2023","33.84","33.98","33.98","32.75","2.97M","-1.25%"
"12/15/2023","34.27","32.25","34.77","32.09","12.82M","6.43%"
"12/14/2023","32.20","31.42","32.20","31.35","5.42M","4.11%"
"12/13/2023","30.93","30.00","31.18","30.00","3.52M","3.38%"
"12/12/2023","29.92","30.20","30.41","29.62","2.82M","-0.73%"
"12/11/2023","30.14","30.21","30.50","29.94","1.75M","-0.30%"
"12/08/2023","30.23","30.04","30.55","30.04","1.22M","0.63%"
"12/07/2023","30.04","30.32","30.32","29.76","1.31M","-0.92%"
"12/06/2023","30.32","30.41","30.55","29.89","1.34M","0.07%"
"12/05/2023","30.30","29.59","30.42","29.39","2.61M","2.99%"
"12/04/2023","29.42","29.50","29.95","29.26","1.04M","-0.27%"
"12/01/2023","29.50","28.96","29.55","28.61","1.99M","1.94%"
"11/30/2023","28.94","29.00","29.38","28.94","9.57M","-0.17%"
"11/29/2023","28.99","29.29","29.48","28.93","1.46M","-0.24%"
"11/28/2023","29.06","29.24","29.55","28.92","1.80M","-0.65%"
"11/27/2023","29.25","29.88","30.10","28.79","1.76M","-1.32%"
"11/24/2023","29.64","29.93","30.18","29.64","1.11M","-1.00%"
"11/23/2023","29.94","30.12","30.25","29.82","822.17K","-0.60%"
"11/22/2023","30.12","29.99","30.28","29.84","1.90M","1.07%"
"11/21/2023","29.80","29.63","30.35","29.63","2.12M","0.85%"
"11/20/2023","29.55","29.31","30.10","29.30","1.88M","1.20%"
"11/17/2023","29.20","29.52","30.10","29.11","3.84M","-1.08%"
"11/16/2023","29.52","32.00","32.00","29.50","10.86M","-9.25%"
"11/15/2023","32.53","31.95","32.85","31.67","3.98M","2.39%"
"11/14/2023","31.77","30.45","31.95","30.00","2.56M","4.58%"
"11/13/2023","30.38","30.96","31.27","30.36","1.40M","-1.65%"
"11/10/2023","30.89","30.88","30.98","30.43","938.25K","-0.26%"
"11/09/2023","30.97","30.80","30.97","29.89","3.28M","0.36%"
"11/08/2023","30.86","31.16","31.22","30.86","1.37M","-0.96%"
"11/07/2023","31.16","31.15","31.86","30.86","3.03M","-0.13%"
"11/06/2023","31.20","31.33","31.45","31.00","1.88M","-0.32%"
"11/03/2023","31.30","30.80","31.32","30.54","1.81M","1.66%"
"11/02/2023","30.79","31.06","31.14","30.18","2.36M","2.12%"
"10/31/2023","30.15","29.80","30.55","29.61","1.98M","1.48%"
"10/30/2023","29.71","29.10","29.77","29.00","2.00M","2.59%"
"10/27/2023","28.96","29.07","29.12","28.80","1.16M","-0.14%"
"10/26/2023","29.00","28.52","29.07","28.52","2.38M","0.80%"
"10/25/2023","28.77","29.02","29.26","28.52","2.05M","-1.30%"
"10/24/2023","29.15","28.57","29.43","28.47","3.27M","3.26%"
"10/23/2023","28.23","28.70","28.84","28.11","1.50M","-1.64%"
"10/20/2023","28.70","28.50","28.90","28.25","1.84M","0.60%"
"10/19/2023","28.53","28.67","28.98","28.43","1.40M","-1.28%"
"10/18/2023","28.90","29.07","29.60","28.50","3.29M","0.07%"
"10/17/2023","28.88","27.87","29.20","27.87","4.16M","3.62%"
"10/16/2023","27.87","28.94","28.94","27.28","5.69M","-1.83%"
"10/13/2023","28.39","28.43","28.80","28.30","2.64M","-0.14%"
"10/12/2023","28.43","28.70","29.05","28.30","4.73M","-0.63%"
"10/11/2023","28.61","28.86","29.00","28.25","3.47M","-0.87%"
"10/10/2023","28.86","28.40","29.00","28.32","4.42M","2.16%"
"10/09/2023","28.25","28.75","28.80","27.84","5.66M","-1.74%"
"10/06/2023","28.75","29.30","29.30","28.32","15.53M","-7.32%"
"10/05/2023","31.02","32.00","32.00","31.00","1.58M","-2.18%"
"10/04/2023","31.71","31.30","32.59","31.05","3.18M","0.38%"
"10/03/2023","31.59","32.92","32.92","31.34","2.09M","-3.39%"
"10/02/2023","32.70","32.20","33.20","32.20","2.20M","1.46%"
"09/29/2023","32.23","32.20","33.07","32.11","3.44M","1.16%"
"09/28/2023","31.86","32.10","32.90","30.22","5.79M","5.67%"
"09/27/2023","30.15","29.47","30.40","29.34","2.03M","2.90%"
"09/26/2023","29.30","28.82","29.52","28.31","1.70M","1.42%"
"09/25/2023","28.89","29.82","29.87","28.80","2.41M","-3.12%"
"09/22/2023","29.82","29.86","30.19","29.55","1.82M","-0.23%"
"09/21/2023","29.89","30.55","30.60","29.70","1.75M","-2.77%"
"09/20/2023","30.74","30.56","31.10","30.50","2.27M","0.62%"
"09/19/2023","30.55","31.23","31.55","30.37","1.90M","-1.61%"
"09/18/2023","31.05","31.91","31.98","30.93","2.00M","-2.48%"
"09/15/2023","31.84","32.00","32.21","31.84","2.21M","-0.16%"
"09/14/2023","31.89","31.80","32.05","31.54","1.26M","1.01%"
"09/13/2023","31.57","31.45","31.76","31.23","1.90M","-0.09%"
"09/12/2023","31.60","31.52","31.93","31.27","1.50M","0.25%"
"09/11/2023","31.52","31.91","32.26","31.30","1.60M","-0.88%"
"09/08/2023","31.80","31.68","31.93","31.14","1.13M","0.66%"
"09/07/2023","31.59","31.57","32.01","31.25","2.05M","-0.35%"
"09/06/2023","31.70","31.50","33.05","30.99","3.17M","1.73%"
"09/05/2023","31.16","32.22","32.27","31.16","2.08M","-3.35%"
"09/04/2023","32.24","32.65","33.15","32.24","1.05M","-1.26%"
"09/01/2023","32.65","32.76","33.30","32.54","1.46M","-1.12%"
"08/31/2023","33.02","33.21","33.55","32.76","2.97M","-0.51%"
"08/30/2023","33.19","33.09","33.26","32.86","465.66K","0.30%"
"08/29/2023","33.09","33.03","33.28","32.68","888.84K","0.49%"
"08/28/2023","32.93","32.61","32.99","32.24","592.26K","1.14%"
"08/25/2023","32.56","32.50","33.16","32.12","620.87K","-0.67%"
"08/24/2023","32.78","33.88","34.19","32.66","857.87K","-1.65%"
"08/23/2023","33.33","33.52","33.59","32.84","1.90M","-0.24%"
"08/22/2023","33.41","33.78","34.08","33.41","1.57M","-0.33%"
"08/21/2023","33.52","34.33","34.39","33.42","1.35M","-2.78%"
"08/18/2023","34.48","34.34","34.84","34.13","1.08M","0.41%"
"08/17/2023","34.34","34.15","34.83","34.02","1.08M","0.53%"
"08/16/2023","34.16","34.70","34.85","34.12","1.18M","-2.40%"
"08/14/2023","35.00","34.59","35.06","34.59","547.78K","0.46%"
"08/11/2023","34.84","35.10","35.53","34.67","1.48M","-1.69%"
"08/10/2023","35.44","34.11","35.78","33.90","1.64M","4.88%"
"08/09/2023","33.79","33.95","34.66","33.67","2.29M","-0.18%"
"08/08/2023","33.85","34.50","34.50","33.72","1.06M","-2.42%"
"08/07/2023","34.69","34.85","35.08","34.60","810.28K","-0.74%"
"08/04/2023","34.95","35.00","35.58","34.52","1.08M","0.81%"
"08/03/2023","34.67","34.05","34.83","33.33","2.20M","1.73%"
"08/02/2023","34.08","35.22","35.33","34.08","2.04M","-4.75%"
"08/01/2023","35.78","35.30","35.78","35.19","1.88M","1.30%"
"07/31/2023","35.32","35.45","35.80","35.06","2.46M","0.00%"
"07/28/2023","35.32","34.60","35.44","34.48","2.77M","1.93%"
"07/27/2023","34.65","33.48","34.75","33.41","2.66M","4.37%"
"07/26/2023","33.20","33.33","33.59","32.99","963.55K","-0.27%"
"07/25/2023","33.29","33.00","33.31","32.95","1.25M","1.80%"
"07/24/2023","32.70","32.84","33.84","32.42","3.31M","0.09%"
"07/21/2023","32.67","32.50","32.85","31.96","2.59M","0.62%"
"07/20/2023","32.47","32.45","33.08","32.24","1.68M","-0.09%"
"07/19/2023","32.50","33.00","33.20","32.45","1.55M","-1.22%"
"07/18/2023","32.90","33.05","33.29","32.63","1.78M","-0.45%"
"07/17/2023","33.05","33.00","33.25","32.77","1.37M","-0.24%"
"07/14/2023","33.13","32.27","33.45","32.10","1.87M","2.67%"
"07/13/2023","32.27","33.14","33.51","32.19","2.76M","-2.06%"
"07/12/2023","32.95","32.13","33.00","31.95","2.71M","2.62%"
"07/11/2023","32.11","32.20","32.25","31.73","1.33M","0.50%"
"07/10/2023","31.95","31.87","32.12","31.47","1.11M","-0.16%"
"07/07/2023","32.00","31.50","32.07","31.41","1.72M","1.59%"
"07/06/2023","31.50","31.60","31.89","31.25","2.49M","-1.56%"
"07/05/2023","32.00","32.07","32.18","31.92","1.68M","-0.53%"
"07/04/2023","32.17","32.16","32.33","31.80","1.62M","0.34%"
"07/03/2023","32.06","32.00","32.19","31.52","1.74M","0.19%"
"06/30/2023","32.00","32.01","32.13","31.53","1.95M","-0.25%"
"06/29/2023","32.08","32.00","32.30","31.96","955.95K","0.28%"
"06/28/2023","31.99","32.15","32.30","31.84","1.90M","0.16%"
"06/27/2023","31.94","32.33","32.55","31.86","1.72M","-1.15%"
"06/26/2023","32.31","32.04","32.73","32.04","1.36M","0.97%"
"06/23/2023","32.00","32.44","32.68","31.88","2.19M","-1.84%"
"06/22/2023","32.60","32.48","32.77","32.22","1.75M","-0.82%"
"06/21/2023","32.87","32.46","33.09","32.41","2.66M","1.45%"
"06/20/2023","32.40","32.32","32.51","32.00","2.43M","0.15%"
"06/19/2023","32.35","32.55","33.06","32.34","1.54M","-0.49%"
"06/16/2023","32.51","32.80","33.10","32.30","13.14M","-0.82%"
"06/15/2023","32.78","32.39","32.86","32.32","5.06M","0.55%"
"06/14/2023","32.60","32.26","32.66","31.35","8.30M","1.09%"
"06/13/2023","32.25","32.53","32.92","32.16","15.74M","-7.03%"
"06/12/2023","34.69","34.62","34.99","34.12","1.76M","0.38%"
"06/09/2023","34.56","35.96","36.38","34.47","2.23M","-2.40%"
"06/07/2023","35.41","35.00","35.62","34.88","1.80M","1.17%"
"06/06/2023","35.00","36.18","36.18","34.58","3.75M","-3.29%"
"06/05/2023","36.19","36.38","36.79","35.81","2.32M","-0.36%"
"06/02/2023","36.32","35.39","36.36","35.07","3.17M","3.77%"
"06/01/2023","35.00","35.52","35.70","34.42","3.12M","-1.46%"
"05/31/2023","35.52","34.90","36.13","34.20","14.59M","0.57%"
"05/30/2023","35.32","35.77","36.30","34.84","2.59M","-0.56%"
"05/29/2023","35.52","35.40","36.20","35.40","1.71M","1.11%"
"05/26/2023","35.13","34.30","35.28","34.30","3.55M","2.51%"
"05/25/2023","34.27","37.00","37.00","33.81","6.17M","-6.87%"
"05/24/2023","36.80","37.55","37.55","36.53","3.98M","-2.83%"
"05/23/2023","37.87","38.70","38.99","37.87","2.43M","-1.84%"
"05/22/2023","38.58","38.50","38.67","37.92","2.03M","0.63%"
"05/19/2023","38.34","36.50","38.52","36.50","6.71M","5.71%"
"05/18/2023","36.27","36.50","36.62","35.61","2.17M","-0.47%"
"05/17/2023","36.44","36.48","36.68","35.87","2.43M","0.25%"
"05/16/2023","36.35","35.95","36.81","35.42","2.77M","1.59%"
"05/15/2023","35.78","35.56","36.70","35.43","4.88M","1.13%"
"05/12/2023","35.38","35.80","36.08","35.26","2.65M","-1.12%"
"05/11/2023","35.78","34.11","35.80","33.94","5.00M","5.33%"
"05/10/2023","33.97","33.50","34.98","33.30","5.43M","2.01%"
"05/09/2023","33.30","32.80","33.53","32.65","1.58M","0.91%"
"05/08/2023","33.00","33.01","33.18","32.84","968.25K","-0.03%"
"05/05/2023","33.01","32.88","33.08","32.60","924.60K","0.70%"
"05/04/2023","32.78","32.58","33.10","32.26","1.79M","0.37%"
"05/02/2023","32.66","32.45","33.18","32.45","1.60M","-0.18%"
"04/28/2023","32.72","33.42","33.53","32.40","1.68M","-1.95%"
"04/27/2023","33.37","32.80","33.39","32.52","1.92M","2.08%"
"04/26/2023","32.69","32.10","33.03","32.09","1.51M","1.05%"
"04/25/2023","32.35","33.00","33.00","32.15","1.27M","-1.97%"
"04/24/2023","33.00","32.82","33.17","32.62","1.03M","0.52%"
"04/21/2023","32.83","32.80","32.84","31.84","1.84M","-0.12%"
"04/20/2023","32.87","32.19","33.38","32.19","2.60M","1.51%"
"04/19/2023","32.38","31.90","32.55","31.46","1.25M","1.41%"
"04/18/2023","31.93","31.78","32.57","31.73","2.06M","0.31%"
"04/17/2023","31.83","31.18","32.03","31.11","1.36M","2.41%"
"04/14/2023","31.08","31.98","32.10","31.01","1.32M","-2.20%"
"04/13/2023","31.78","30.92","31.96","30.84","3.17M","2.45%"
"04/12/2023","31.02","30.40","31.37","30.34","2.10M","1.67%"
"04/11/2023","30.51","30.00","30.84","29.62","2.02M","1.63%"
"04/06/2023","30.02","30.06","30.13","29.84","787.54K","0.00%"
"04/05/2023","30.02","30.36","30.57","29.80","1.65M","-1.15%"
"04/04/2023","30.37","30.63","31.01","30.05","1.45M","-0.72%"
"04/03/2023","30.59","29.50","30.84","29.30","2.49M","4.40%"
"03/31/2023","29.30","29.73","29.75","28.86","2.91M","-1.51%"
"03/30/2023","29.75","26.72","30.25","26.70","9.72M","13.94%"
"03/29/2023","26.11","26.18","26.43","25.54","3.27M","0.81%"
"03/28/2023","25.90","26.38","26.82","25.90","2.91M","-0.99%"
"03/27/2023","26.16","26.09","26.47","25.98","1.90M","0.54%"
"03/24/2023","26.02","26.08","26.58","25.91","1.67M","-1.36%"
"03/23/2023","26.38","26.44","26.66","25.74","1.35M","0.42%"
"03/22/2023","26.27","26.39","26.72","26.07","1.90M","0.57%"
"03/21/2023","26.12","27.20","27.26","25.86","3.59M","-3.62%"
"03/20/2023","27.10","26.75","27.17","26.21","1.05M","1.08%"
"03/17/2023","26.81","27.37","27.69","26.41","2.89M","-1.79%"
"03/16/2023","27.30","27.18","27.30","26.37","2.02M","1.37%"
"03/15/2023","26.93","27.66","27.76","26.60","2.38M","-2.21%"
"03/14/2023","27.54","27.30","27.72","27.03","1.59M","1.40%"
"03/13/2023","27.16","27.35","27.80","26.32","2.65M","-0.84%"
"03/10/2023","27.39","27.36","27.73","27.03","1.96M","-2.35%"
"03/09/2023","28.05","28.48","28.48","27.92","794.95K","-1.02%"
"03/08/2023","28.34","28.00","28.48","27.82","1.41M","0.18%"
"03/07/2023","28.29","28.90","29.22","28.07","1.43M","-1.84%"
"03/06/2023","28.82","28.86","29.16","28.52","1.13M","0.28%"
"03/03/2023","28.74","28.08","28.82","28.00","1.52M","3.31%"
"03/02/2023","27.82","28.01","28.31","27.75","2.55M","-1.70%"
"03/01/2023","28.30","29.35","29.35","28.13","1.71M","-2.58%"
"02/28/2023","29.05","28.80","29.45","28.43","3.70M","0.87%"
"02/27/2023","28.80","28.40","29.15","28.39","1.72M","1.41%"
"02/24/2023","28.40","28.99","29.08","28.27","1.88M","-1.39%"
"02/23/2023","28.80","27.99","29.08","27.99","2.23M","2.89%"
"02/22/2023","27.99","27.61","28.10","27.15","3.69M","1.05%"
"02/21/2023","27.70","28.90","28.90","27.63","3.74M","-3.89%"
"02/20/2023","28.82","29.22","29.63","28.61","1.57M","-0.72%"
"02/17/2023","29.03","28.77","29.37","28.50","2.09M","-0.41%"
"02/16/2023","29.15","29.95","30.01","28.82","1.43M","-1.52%"
"02/15/2023","29.60","29.59","29.95","29.36","743.03K","0.10%"
"02/14/2023","29.57","30.00","30.21","29.40","1.67M","-0.54%"
"02/13/2023","29.73","29.68","29.84","29.36","1.15M","0.17%"
"02/10/2023","29.68","30.90","30.90","29.24","3.50M","-4.99%"
"02/09/2023","31.24","31.48","31.92","31.11","1.36M","-0.48%"
"02/08/2023","31.39","31.00","32.02","30.99","2.18M","1.65%"
"02/07/2023","30.88","31.14","31.18","30.39","2.24M","-0.77%"
"02/06/2023","31.12","31.04","31.80","30.89","3.23M","-1.21%"
"02/03/2023","31.50","30.89","31.72","30.50","5.37M","1.38%"
"02/02/2023","31.07","30.03","31.30","30.03","5.37M","5.14%"
"02/01/2023","29.55","30.00","30.10","28.95","2.21M","-1.37%"
"01/31/2023","29.96","29.48","30.20","29.25","2.84M","0.91%"
"01/30/2023","29.69","29.90","30.09","29.52","1.40M","-1.43%"
"01/27/2023","30.12","30.20","30.35","29.72","2.30M","0.40%"
"01/26/2023","30.00","29.49","30.30","29.49","5.43M","3.20%"
"01/25/2023","29.07","29.20","29.67","28.67","1.62M","-1.12%"
"01/24/2023","29.40","30.10","30.36","29.22","3.31M","-1.54%"
"01/23/2023","29.86","29.20","30.00","29.05","3.05M","3.93%"
"01/20/2023","28.73","29.76","29.79","28.71","3.13M","-2.68%"
"01/19/2023","29.52","31.00","31.44","29.40","8.93M","-8.41%"
"01/18/2023","32.23","31.48","32.54","31.25","4.20M","2.32%"
"01/17/2023","31.50","31.60","31.80","30.94","3.78M","-0.63%"
"01/16/2023","31.70","31.50","32.09","30.70","1.89M","1.08%"
"01/13/2023","31.36","31.54","31.62","30.59","4.27M","1.23%"
"01/12/2023","30.98","29.09","31.24","28.92","9.56M","6.57%"
"01/11/2023","29.07","28.85","29.39","28.52","3.05M","0.55%"
"01/10/2023","28.91","28.19","29.29","27.80","3.30M","0.87%"
"01/09/2023","28.66","27.35","28.70","27.21","4.85M","7.54%"
"01/05/2023","26.65","27.00","27.38","26.30","3.41M","-1.30%"
"01/04/2023","27.00","26.70","27.18","26.43","2.83M","1.28%"
"01/03/2023","26.66","25.70","27.17","25.56","5.06M","4.80%"
"01/02/2023","25.44","25.13","25.98","24.95","942.38K","1.23%"
"12/30/2022","25.13","25.29","25.45","24.91","1.35M","-1.53%"
"12/29/2022","25.52","24.91","25.73","24.50","2.12M","2.53%"
"12/28/2022","24.89","24.82","25.15","24.31","1.77M","0.24%"
"12/27/2022","24.83","25.50","25.50","24.73","918.15K","-2.17%"
"12/23/2022","25.38","25.60","25.76","25.04","844.42K","-0.90%"
"12/22/2022","25.61","25.80","26.18","25.45","1.63M","-0.74%"
"12/21/2022","25.80","24.45","25.80","24.38","4.85M","5.82%"
"12/20/2022","24.38","23.96","24.46","23.84","2.44M","0.83%"
"12/19/2022","24.18","24.50","24.73","24.14","1.91M","-1.06%"
"12/16/2022","24.44","24.61","24.77","24.12","4.60M","-1.61%"
"12/15/2022","24.84","25.40","25.78","24.80","2.84M","-4.53%"
"12/14/2022","26.02","25.84","26.45","25.77","2.57M","0.54%"
"12/13/2022","25.88","25.02","26.19","24.50","3.34M","3.35%"
"12/12/2022","25.04","24.02","25.07","23.78","3.17M","3.26%"
"12/09/2022","24.25","24.50","24.63","24.09","1.58M","-0.16%"
"12/08/2022","24.29","24.90","24.94","23.87","1.90M","-2.14%"
"12/07/2022","24.82","24.26","24.91","23.82","1.81M","2.31%"
"12/06/2022","24.26","23.80","24.44","23.70","1.64M","1.51%"
"12/05/2022","23.90","24.00","24.55","23.81","2.17M","1.23%"
"12/02/2022","23.61","23.10","24.17","23.00","7.04M","2.74%"
"12/01/2022","22.98","23.00","23.29","22.70","6.62M","2.86%"
"11/30/2022","22.34","23.72","24.02","22.26","9.52M","-3.29%"
"11/29/2022","23.10","23.93","24.37","23.00","6.43M","-4.35%"
"11/28/2022","24.15","25.30","25.30","24.10","2.65M","-5.15%"
"11/25/2022","25.46","25.36","25.90","25.11","1.83M","-0.16%"
"11/24/2022","25.50","24.36","25.54","24.11","3.66M","6.56%"
"11/23/2022","23.93","23.77","24.50","23.42","3.03M","1.31%"
"11/22/2022","23.62","23.30","23.82","23.01","1.49M","1.37%"
"11/21/2022","23.30","24.41","24.41","23.11","4.47M","-4.55%"
"11/18/2022","24.41","24.52","24.80","23.92","3.12M","-1.69%"
"11/17/2022","24.83","25.82","25.95","24.64","4.09M","-2.63%"
"11/16/2022","25.50","26.11","26.48","25.40","3.22M","-4.14%"
"11/15/2022","26.60","25.89","26.85","25.40","2.99M","2.98%"
"11/14/2022","25.83","26.39","26.94","25.48","5.47M","-0.39%"
"11/10/2022","25.93","24.00","26.18","23.70","4.30M","6.84%"
"11/09/2022","24.27","24.77","25.15","24.19","2.35M","-2.33%"
"11/08/2022","24.85","23.90","24.85","23.66","2.41M","3.89%"
"11/07/2022","23.92","23.50","24.15","23.18","2.73M","2.22%"
"11/04/2022","23.40","23.38","24.95","23.36","4.97M","-0.34%"
"11/03/2022","23.48","22.71","23.60","22.62","2.63M","0.77%"
"11/02/2022","23.30","23.26","23.67","22.83","4.21M","0.43%"
"10/31/2022","23.20","22.50","23.27","22.20","3.01M","3.90%"
"10/28/2022","22.33","21.62","22.69","21.31","3.57M","0.04%"
"10/27/2022","22.32","21.67","22.39","21.38","3.11M","1.92%"
"10/26/2022","21.90","21.07","21.90","21.00","5.58M","4.09%"
"10/25/2022","21.04","19.90","21.22","19.90","5.73M","5.78%"
"10/24/2022","19.89","19.90","20.36","19.76","2.86M","-0.05%"
"10/21/2022","19.90","19.81","20.09","19.59","2.10M","-1.92%"
"10/20/2022","20.29","19.80","20.37","19.06","5.98M","1.91%"
"10/19/2022","19.91","20.65","20.66","19.45","3.40M","-4.14%"
"10/18/2022","20.77","20.55","20.94","20.38","3.38M","2.06%"
"10/17/2022","20.35","19.75","20.47","19.40","3.20M","2.42%"
"10/14/2022","19.87","19.11","19.96","18.46","10.66M","8.17%"
"10/13/2022","18.37","18.95","19.09","17.90","11.28M","-1.76%"
"10/12/2022","18.70","19.82","19.82","18.70","6.00M","-4.59%"
"10/11/2022","19.60","19.50","19.89","19.05","3.19M","0.00%"
"10/10/2022","19.60","19.87","19.98","19.31","6.55M","-2.44%"
"10/07/2022","20.09","20.25","20.55","19.88","4.14M","-2.43%"
"10/06/2022","20.59","21.10","21.36","20.36","5.10M","-1.15%"
"10/05/2022","20.83","21.96","22.00","20.65","2.20M","-4.80%"
"10/04/2022","21.88","22.12","22.21","21.40","9.64M","3.06%"
"10/03/2022","21.23","21.50","21.50","20.61","2.26M","-1.48%"
"09/30/2022","21.55","22.04","22.30","20.75","7.86M","-1.96%"
"09/29/2022","21.98","23.98","23.98","21.93","8.01M","-10.29%"
"09/28/2022","24.50","24.90","25.34","24.25","2.82M","-3.16%"
"09/27/2022","25.30","25.18","25.60","24.96","2.65M","2.22%"
"09/26/2022","24.75","24.30","25.16","24.00","2.19M","0.36%"
"09/23/2022","24.66","25.50","25.64","24.00","2.61M","-3.29%"
"09/22/2022","25.50","25.45","25.83","25.23","1.46M","-1.51%"
"09/21/2022","25.89","24.85","26.09","24.69","1.76M","3.19%"
"09/20/2022","25.09","25.92","25.92","25.00","1.33M","-2.41%"
"09/19/2022","25.71","25.30","25.84","25.00","1.33M","1.62%"
"09/16/2022","25.30","25.50","25.80","24.88","3.16M","-2.28%"
"09/15/2022","25.89","25.40","26.15","25.12","1.23M","1.73%"
"09/14/2022","25.45","25.56","25.90","24.93","1.48M","-1.43%"
"09/13/2022","25.82","26.20","27.00","25.61","1.96M","-1.38%"
"09/12/2022","26.18","26.43","26.44","25.44","2.18M","0.69%"
"09/09/2022","26.00","25.80","26.65","25.40","3.18M","2.04%"
"09/08/2022","25.48","24.73","25.58","24.55","2.86M","4.60%"
"09/07/2022","24.36","24.20","24.61","23.96","2.21M","0.74%"
"09/06/2022","24.18","24.08","25.10","23.98","240.00K","1.85%"
"09/05/2022","23.74","24.80","25.09","23.74","1.78M","-5.46%"
"09/02/2022","25.11","24.80","25.18","24.26","1.51M","3.76%"
"09/01/2022","24.20","24.50","24.98","24.16","3.03M","-2.42%"
"08/31/2022","24.80","24.51","25.05","24.30","3.18M","2.82%"
"08/30/2022","24.12","24.60","25.20","23.92","1.38M","-0.90%"
"08/29/2022","24.34","24.52","24.88","23.72","1.81M","-3.45%"
"08/26/2022","25.21","25.99","26.02","25.00","2.16M","-2.29%"
"08/25/2022","25.80","25.55","26.46","25.44","1.91M","3.20%"
"08/24/2022","25.00","25.60","25.99","24.85","2.48M","-2.72%"
"08/23/2022","25.70","25.80","26.38","25.56","2.05M","-1.49%"
"08/22/2022","26.09","26.94","27.05","26.07","2.00M","-4.08%"
"08/19/2022","27.20","27.61","27.95","27.04","1.71M","-2.23%"
"08/18/2022","27.82","27.80","28.71","27.33","1.44M","-1.28%"
"08/17/2022","28.18","29.74","29.74","27.72","3.32M","-4.31%"
"08/16/2022","29.45","28.50","29.92","28.50","3.01M","4.17%"
"08/12/2022","28.27","28.60","28.66","27.90","2.11M","-0.81%"
"08/11/2022","28.50","27.94","29.10","27.30","2.85M","3.49%"
"08/10/2022","27.54","26.66","27.72","26.14","4.67M","2.19%"
"08/09/2022","26.95","25.50","27.13","25.50","2.77M","5.40%"
"08/08/2022","25.57","26.30","26.32","25.25","1.32M","-1.12%"
"08/05/2022","25.86","26.93","27.15","25.62","2.03M","-3.18%"
"08/04/2022","26.71","25.64","27.98","25.48","6.43M","5.41%"
"08/03/2022","25.34","24.78","25.68","24.64","1.86M","1.16%"
"08/02/2022","25.05","24.90","25.18","24.31","1.47M","0.40%"
"08/01/2022","24.95","25.09","25.32","24.27","2.11M","-0.36%"
"07/29/2022","25.04","23.62","25.04","23.62","3.66M","7.01%"
"07/28/2022","23.40","24.38","24.38","23.09","3.84M","-1.31%"
"07/27/2022","23.71","25.00","25.00","23.46","2.75M","-3.81%"
"07/26/2022","24.65","25.66","25.70","24.43","2.27M","-4.20%"
"07/25/2022","25.73","26.50","26.74","25.57","1.99M","-4.28%"
"07/22/2022","26.88","26.99","27.59","26.18","3.34M","1.17%"
"07/21/2022","26.57","27.39","27.39","26.52","3.29M","-3.35%"
"07/20/2022","27.49","26.50","27.93","26.40","3.72M","6.30%"
"07/19/2022","25.86","25.45","25.96","24.73","1.73M","0.98%"
"07/18/2022","25.61","25.50","25.71","24.62","2.44M","2.44%"
"07/15/2022","25.00","24.67","26.10","24.59","2.83M","2.25%"
"07/14/2022","24.45","24.90","25.19","24.12","2.84M","-1.49%"
"07/13/2022","24.82","25.45","25.89","24.34","3.10M","-3.05%"
"07/12/2022","25.60","27.30","27.34","25.40","2.53M","-6.81%"
"07/11/2022","27.47","26.52","27.70","26.33","2.07M","2.19%"
"07/08/2022","26.88","27.70","27.70","26.57","2.94M","-2.25%"
"07/07/2022","27.50","26.42","28.12","26.20","4.81M","4.09%"
"07/06/2022","26.42","23.00","27.15","23.00","9.67M","15.78%"
"07/05/2022","22.82","22.84","23.24","21.87","1.99M","0.48%"
"07/04/2022","22.71","23.30","23.41","22.62","1.31M","-2.20%"
"07/01/2022","23.22","23.66","24.52","23.05","2.08M","-2.60%"
"06/30/2022","23.84","24.07","24.16","23.55","1.72M","-0.67%"
"06/29/2022","24.00","23.10","24.41","22.60","2.48M","0.29%"
"06/28/2022","23.93","24.00","24.77","23.75","4.25M","-0.58%"
"06/27/2022","24.07","23.61","24.36","23.16","4.11M","2.64%"
"06/24/2022","23.45","22.90","23.72","22.34","2.77M","2.72%"
"06/23/2022","22.83","22.40","22.98","21.82","2.72M","1.78%"
"06/22/2022","22.43","22.04","22.92","21.70","3.50M","-0.22%"
"06/21/2022","22.48","21.66","22.59","21.18","4.99M","4.70%"
"06/20/2022","21.47","20.90","21.78","20.84","2.59M","4.17%"
"06/17/2022","20.61","19.78","21.10","19.78","5.96M","1.88%"
"06/15/2022","20.23","19.83","20.30","19.42","5.35M","2.74%"
"06/14/2022","19.69","20.30","20.58","19.62","3.60M","-2.14%"
"06/13/2022","20.12","20.62","21.00","19.94","2.58M","-5.09%"
"06/10/2022","21.20","20.73","21.66","20.49","2.22M","1.92%"
"06/09/2022","20.80","21.50","21.86","20.56","3.12M","-2.85%"
"06/08/2022","21.41","22.46","22.60","21.31","3.12M","-4.33%"
"06/07/2022","22.38","22.81","22.82","22.21","2.25M","-2.74%"
"06/06/2022","23.01","23.02","23.40","22.93","1.22M","0.52%"
"06/03/2022","22.89","24.00","24.30","22.79","2.31M","-3.70%"
"06/02/2022","23.77","23.61","23.90","23.38","1.28M","0.30%"
"06/01/2022","23.70","25.00","25.12","23.70","3.20M","-5.62%"
"05/31/2022","25.11","25.00","25.25","24.61","6.12M","0.32%"
"05/30/2022","25.03","24.83","25.21","24.55","3.51M","1.34%"
"05/27/2022","24.70","23.58","24.93","23.52","10.29M","5.33%"
"05/26/2022","23.45","21.70","23.60","21.30","5.58M","5.16%"
"05/25/2022","22.30","22.50","22.72","22.02","2.01M","0.13%"
"05/24/2022","22.27","23.15","23.32","22.21","5.31M","-5.23%"
"05/23/2022","23.50","24.86","25.18","23.23","7.66M","-3.25%"
"05/20/2022","24.29","23.60","24.93","23.47","2.96M","3.80%"
"05/19/2022","23.40","22.81","23.42","22.46","4.38M","0.26%"
"05/18/2022","23.34","23.86","24.25","23.20","2.19M","-2.18%"
"05/17/2022","23.86","22.59","24.11","22.25","2.85M","7.00%"
"05/16/2022","22.30","22.89","23.32","21.93","2.55M","-3.25%"
"05/13/2022","23.05","23.00","23.14","21.83","3.40M","2.72%"
"05/12/2022","22.44","21.70","22.67","20.75","3.96M","0.27%"
"05/11/2022","22.38","22.10","23.25","21.52","3.49M","2.57%"
"05/10/2022","21.82","22.32","22.58","21.23","3.58M","-2.15%"
"05/09/2022","22.30","21.85","22.62","21.48","2.66M","1.59%"
"05/06/2022","21.95","21.02","22.14","20.61","4.28M","3.39%"
"05/05/2022","21.23","23.40","23.43","21.23","5.20M","-5.94%"
"05/04/2022","22.57","23.20","23.44","22.38","300.00K","-1.57%"
"05/02/2022","22.93","22.23","23.36","22.22","3.07M","-0.48%"
"04/29/2022","23.04","24.99","25.41","23.01","5.74M","-5.38%"
"04/28/2022","24.35","24.57","24.85","23.15","4.65M","1.25%"
"04/27/2022","24.05","24.90","24.95","23.86","3.54M","-2.28%"
"04/26/2022","24.61","27.59","27.59","24.61","6.51M","-9.02%"
"04/25/2022","27.05","26.44","27.48","26.10","2.05M","0.19%"
"04/22/2022","27.00","27.90","27.90","26.88","1.82M","-3.74%"
"04/21/2022","28.05","27.85","28.96","27.16","4.33M","0.50%"
"04/20/2022","27.91","27.49","28.52","27.05","4.95M","3.29%"
"04/19/2022","27.02","28.18","28.21","26.33","3.31M","-3.15%"
"04/14/2022","27.90","27.00","28.48","27.00","2.35M","4.10%"
"04/13/2022","26.80","28.00","28.18","26.72","4.43M","-3.60%"
"04/12/2022","27.80","28.30","28.36","27.52","2.87M","-1.97%"
"04/11/2022","28.36","28.79","29.45","27.85","2.96M","-1.22%"
"04/08/2022","28.71","29.45","29.48","28.64","2.75M","-1.14%"
"04/07/2022","29.04","30.48","30.50","29.04","2.81M","-3.71%"
"04/06/2022","30.16","32.70","32.70","29.93","4.67M","-7.99%"
"04/05/2022","32.78","32.80","33.33","32.32","2.38M","0.24%"
"04/04/2022","32.70","35.60","35.60","31.73","6.51M","-6.84%"
"04/01/2022","35.10","35.56","35.98","34.85","2.39M","-1.32%"
"03/31/2022","35.57","36.60","36.65","35.57","3.12M","-2.55%"
"03/30/2022","36.50","36.20","36.66","35.75","2.80M","0.83%"
"03/29/2022","36.20","34.80","36.20","34.17","4.65M","4.93%"
"03/28/2022","34.50","33.50","34.79","33.05","3.85M","4.55%"
"03/25/2022","33.00","33.50","34.18","32.66","2.39M","-1.23%"
"03/24/2022","33.41","32.53","33.70","31.84","2.23M","3.34%"
"03/23/2022","32.33","33.10","33.72","32.01","1.82M","-1.70%"
"03/22/2022","32.89","31.72","33.17","31.25","4.29M","3.30%"
"03/21/2022","31.84","32.25","32.88","31.21","2.71M","-1.82%"
"03/18/2022","32.43","32.94","33.15","31.95","4.97M","-0.83%"
"03/17/2022","32.70","31.85","32.70","31.32","5.82M","5.86%"
"03/16/2022","30.89","30.95","32.15","30.12","4.65M","4.96%"
"03/15/2022","29.43","29.80","29.95","28.43","2.52M","0.65%"
"03/14/2022","29.24","29.25","29.68","28.36","2.38M","-0.44%"
"03/11/2022","29.37","29.50","30.58","28.81","3.23M","0.48%"
"03/10/2022","29.23","29.80","30.30","28.54","3.40M","0.31%"
"03/09/2022","29.14","27.25","29.20","26.71","3.96M","11.22%"
"03/08/2022","26.20","26.00","27.48","25.36","3.55M","-0.76%"
"03/07/2022","26.40","25.70","26.74","23.14","9.96M","0.38%"
"03/04/2022","26.30","27.52","27.68","26.12","3.74M","-5.23%"
"03/03/2022","27.75","29.25","29.50","27.75","2.77M","-5.13%"
"03/02/2022","29.25","29.60","31.00","29.14","3.66M","-3.15%"
"03/01/2022","30.20","31.62","31.89","29.82","3.85M","-3.70%"
"02/28/2022","31.36","26.46","31.46","26.20","5.75M","13.99%"
"02/25/2022","27.51","27.59","28.59","26.07","6.36M","4.20%"
"02/24/2022","26.40","27.00","28.23","24.50","13.85M","-13.75%"
"02/23/2022","30.61","33.20","33.20","30.58","4.76M","-6.53%"
"02/22/2022","32.75","30.20","32.89","29.84","3.17M","4.97%"
"02/21/2022","31.20","33.00","33.26","31.02","2.42M","-4.44%"
"02/18/2022","32.65","33.70","34.07","32.65","2.56M","-3.49%"
"02/17/2022","33.83","34.49","34.66","33.70","1.51M","-1.46%"
"02/16/2022","34.33","36.00","36.19","34.11","3.28M","-3.81%"
"02/15/2022","35.69","35.07","36.06","35.01","1.66M","2.12%"
"02/14/2022","34.95","34.11","35.08","33.10","3.17M","-0.68%"
"02/11/2022","35.19","34.30","35.45","34.11","2.17M","1.12%"
"02/10/2022","34.80","36.00","36.00","33.91","2.01M","-1.02%"
"02/09/2022","35.16","34.09","35.32","33.50","4.05M","4.46%"
"02/08/2022","33.66","35.10","35.20","32.93","4.67M","-3.94%"
"02/07/2022","35.04","35.48","35.74","34.54","4.07M","-0.37%"
"02/04/2022","35.17","36.78","37.67","35.17","92.50K","-3.33%"
"02/03/2022","36.38","38.04","38.07","36.38","3.36M","-5.56%"
"02/02/2022","38.52","39.20","39.20","38.32","1.68M","-0.82%"
"02/01/2022","38.84","37.60","38.84","36.84","3.23M","3.30%"
"01/31/2022","37.60","36.30","37.70","35.90","4.72M","6.27%"
"01/28/2022","35.38","36.50","36.61","34.82","4.69M","-2.80%"
"01/27/2022","36.40","36.90","37.46","36.12","3.49M","-3.14%"
"01/26/2022","37.58","38.12","38.20","36.90","3.83M","-0.71%"
"01/25/2022","37.85","37.37","38.36","37.01","2.73M","3.13%"
"01/24/2022","36.70","38.60","39.26","36.00","3.95M","-5.90%"
"01/21/2022","39.00","39.45","39.96","38.42","3.32M","-3.11%"
"01/20/2022","40.25","40.24","41.18","40.12","4.20M","0.12%"
"01/19/2022","40.20","39.25","40.63","38.85","3.52M","0.85%"
"01/18/2022","39.86","42.05","42.14","39.82","4.68M","-5.77%"
"01/17/2022","42.30","43.38","43.45","42.12","3.16M","-2.15%"
"01/14/2022","43.23","43.80","43.88","42.83","3.86M","-1.75%"
"01/13/2022","44.00","42.90","44.40","42.12","7.06M","2.64%"
"01/12/2022","42.87","41.20","43.36","41.20","9.01M","5.00%"
"01/11/2022","40.83","39.44","40.98","39.08","5.31M","5.70%"
"01/10/2022","38.63","39.62","40.75","38.58","4.92M","-1.88%"
"01/07/2022","39.37","37.00","40.25","36.56","6.85M","4.21%"
"01/05/2022","37.78","38.73","38.73","37.60","3.25M","-2.58%"
"01/04/2022","38.78","39.80","40.00","38.41","1.77M","-1.57%"
"01/03/2022","39.40","39.49","41.19","39.19","2.55M","1.39%"
"12/30/2021","38.86","39.56","39.95","38.54","1.93M","-2.36%"
"12/29/2021","39.80","39.77","40.33","39.22","817.66K","0.08%"
"12/28/2021","39.77","40.12","40.66","39.06","1.56M","-1.56%"
"12/27/2021","40.40","38.78","41.00","38.30","1.68M","4.18%"
"12/23/2021","38.78","41.61","41.96","38.71","3.06M","-6.22%"
"12/22/2021","41.35","39.50","41.35","39.04","2.04M","5.00%"
"12/21/2021","39.38","39.50","40.30","38.77","1.85M","0.38%"
"12/20/2021","39.23","37.51","39.44","37.03","2.13M","3.48%"
"12/17/2021","37.91","36.79","37.91","36.23","4.95M","1.77%"
"12/16/2021","37.25","35.30","38.10","35.30","3.08M","7.13%"
"12/15/2021","34.77","36.50","36.74","34.66","2.76M","-4.69%"
"12/14/2021","36.48","38.44","38.46","36.48","2.41M","-4.00%"
"12/13/2021","38.00","38.23","38.50","37.96","1.98M","-0.03%"
"12/10/2021","38.01","37.88","38.20","37.63","1.12M","-2.84%"
"12/09/2021","39.12","37.92","39.88","37.81","","3.03%"
"12/08/2021","37.97","37.73","38.80","37.41","","1.88%"
"12/07/2021","37.27","35.08","37.66","34.96","","7.34%"
"12/06/2021","34.72","36.54","36.99","34.52","","-5.01%"
"12/03/2021","36.55","36.48","37.34","36.37","","0.47%"
"12/02/2021","36.38","38.20","38.23","36.06","","-5.46%"
"12/01/2021","38.48","40.09","40.58","37.93","","-2.26%"
"11/30/2021","39.37","40.90","41.69","39.37","","-3.86%"
"11/29/2021","40.95","42.51","42.63","40.63","","-2.50%"
"11/26/2021","42.00","39.40","43.12","39.03","","4.09%"
"11/25/2021","40.35","40.60","40.90","39.36","","-0.05%"
"11/24/2021","40.37","43.50","43.76","40.37","","-6.64%"
"11/23/2021","43.24","43.03","44.28","42.63","","0.32%"
"11/22/2021","43.10","45.50","46.15","42.96","","-5.07%"
"11/19/2021","45.40","45.06","46.09","44.12","","0.96%"
"11/18/2021","44.97","42.84","45.06","42.45","","5.29%"
"11/17/2021","42.71","44.17","44.31","42.43","","-2.98%"
"11/16/2021","44.02","42.00","44.15","41.80","","5.56%"
"11/15/2021","41.70","40.99","42.59","40.30","","2.18%"
"11/12/2021","40.81","43.02","43.04","40.27","","-3.52%"
"11/10/2021","42.30","42.33","43.29","41.41","","-0.17%"
"11/09/2021","42.37","47.98","48.76","42.34","","-11.16%"
"11/08/2021","47.69","49.80","49.90","47.16","","-3.15%"
"11/05/2021","49.24","48.10","50.18","46.60","","10.63%"
"11/04/2021","44.51","43.91","45.34","43.73","","2.32%"
"11/03/2021","43.50","44.29","44.80","43.31","","-1.54%"
"11/02/2021","44.18","45.50","45.59","43.76","","-2.11%"
"10/29/2021","45.13","46.00","46.30","44.64","","-1.78%"
"10/28/2021","45.95","47.36","47.38","45.84","","-3.00%"
"10/27/2021","47.37","46.64","48.20","45.55","","1.07%"
"10/26/2021","46.87","48.93","49.13","46.66","","-3.74%"
"10/25/2021","48.69","50.31","51.16","48.58","","-3.26%"
"10/22/2021","50.33","49.65","51.13","49.23","","1.72%"
"10/21/2021","49.48","49.30","50.48","48.67","","0.34%"
"10/20/2021","49.31","49.03","50.47","48.82","","0.02%"
"10/19/2021","49.30","50.76","50.76","49.08","","-2.95%"
"10/18/2021","50.80","50.77","51.63","50.50","","0.20%"
"10/15/2021","50.70","51.18","51.26","49.42","","-0.57%"
"10/14/2021","50.99","51.90","52.92","50.05","","-0.99%"
"10/13/2021","51.50","55.01","55.01","51.34","","-5.50%"
"10/12/2021","54.50","57.10","57.24","54.50","","-6.52%"
"10/11/2021","58.30","59.00","59.84","57.20","","-0.85%"
"10/08/2021","58.80","55.34","59.84","55.21","","6.62%"
"10/07/2021","55.15","55.51","55.83","54.37","","-0.67%"
"10/06/2021","55.52","56.90","56.91","54.82","","-1.99%"
"10/05/2021","56.65","56.85","57.61","56.32","","-0.49%"
"10/04/2021","56.93","57.95","57.95","56.62","","-1.93%"
"10/01/2021","58.05","57.88","59.00","57.19","","0.31%"
"09/30/2021","57.87","59.18","59.95","57.61","","-1.03%"
"09/29/2021","58.47","58.02","59.36","57.95","","0.09%"
"09/28/2021","58.42","59.51","59.79","57.55","","-2.37%"
"09/27/2021","59.84","59.55","60.81","59.50","","0.34%"
"09/24/2021","59.64","61.90","62.16","59.53","","-3.67%"
"09/23/2021","61.91","62.48","62.62","61.64","","-0.16%"
"09/22/2021","62.01","63.20","63.20","61.84","","-0.75%"
"09/21/2021","62.48","62.44","63.35","62.12","","0.18%"
"09/20/2021","62.37","62.70","63.98","62.04","","-2.93%"
"09/17/2021","64.25","62.95","65.10","62.32","","2.42%"
"09/16/2021","62.73","62.69","63.23","62.30","","0.21%"
"09/15/2021","62.60","62.10","63.02","61.82","","0.81%"
"09/14/2021","62.10","63.26","63.26","62.10","","-2.13%"
"09/13/2021","63.45","63.66","64.06","62.24","","-0.02%"
"09/10/2021","63.46","65.00","65.40","63.46","","-2.19%"
"09/09/2021","64.88","66.43","66.56","64.88","","-3.00%"
"09/08/2021","66.89","68.25","68.59","66.21","","-2.19%"
"09/07/2021","68.39","70.40","70.40","68.20","","-3.20%"
"09/06/2021","70.65","68.96","70.65","68.96","","2.02%"
"09/03/2021","69.25","71.02","71.18","68.81","","-2.96%"
"09/02/2021","71.36","72.10","72.82","71.10","","-1.78%"
"09/01/2021","72.65","71.06","72.66","70.73","","2.32%"
"08/31/2021","71.00","69.54","71.00","69.36","","2.48%"
"08/30/2021","69.28","67.52","69.42","67.52","","2.64%"
"08/27/2021","67.50","68.25","68.37","66.58","","-0.50%"
"08/26/2021","67.84","67.47","68.98","67.06","","0.58%"
"08/25/2021","67.45","65.63","67.97","65.34","","2.74%"
"08/24/2021","65.65","65.39","65.89","64.68","","1.05%"
"08/23/2021","64.97","65.19","65.19","64.53","","-0.05%"
"08/20/2021","65.00","65.17","65.17","64.31","","0.00%"
"08/19/2021","65.00","64.29","65.23","63.80","","1.26%"
"08/18/2021","64.19","63.45","64.33","62.97","","1.28%"
"08/17/2021","63.38","62.25","63.74","62.05","","2.19%"
"08/16/2021","62.02","63.98","63.98","61.87","","-2.81%"
"08/13/2021","63.81","62.60","64.00","62.34","","2.11%"
"08/12/2021","62.49","62.05","62.88","61.52","","0.51%"
"08/11/2021","62.17","62.95","63.25","61.66","","-1.13%"
"08/10/2021","62.88","64.10","64.45","62.88","","-1.93%"
"08/09/2021","64.12","63.50","64.29","63.20","","0.41%"
"08/06/2021","63.86","64.39","64.39","62.50","","-0.51%"
"08/05/2021","64.19","66.58","66.65","63.30","","-3.53%"
"08/04/2021","66.54","67.00","67.38","66.10","","-0.86%"
"08/03/2021","67.12","66.25","68.88","66.25","","1.56%"
"08/02/2021","66.09","66.25","67.66","65.83","","-0.02%"
"07/30/2021","66.10","66.91","67.96","65.72","","-2.44%"
"07/29/2021","67.75","68.60","70.17","67.57","","-1.63%"
"07/28/2021","68.87","70.57","71.24","68.71","","-3.49%"
"07/27/2021","71.36","72.61","72.61","70.35","","-2.13%"
"07/26/2021","72.91","72.97","73.77","70.72","","-0.31%"
"07/23/2021","73.14","73.50","74.01","72.68","","-0.83%"
"07/22/2021","73.75","72.50","74.00","72.50","","0.75%"
"07/21/2021","73.20","73.78","74.78","73.00","","-0.97%"
"07/20/2021","73.92","72.32","74.34","72.32","","1.41%"
"07/19/2021","72.89","73.90","73.90","72.47","","-0.94%"
"07/16/2021","73.58","73.00","73.87","72.72","","0.91%"
"07/15/2021","72.92","72.25","73.50","72.25","","-0.78%"
"07/14/2021","73.49","72.55","73.49","72.22","","1.06%"
"07/13/2021","72.72","73.93","74.25","72.51","","-1.40%"
"07/12/2021","73.75","71.20","74.83","70.94","","3.12%"
"07/09/2021","71.52","71.83","72.70","70.65","","-0.42%"
"07/08/2021","71.82","73.11","74.23","71.39","","-2.14%"
"07/07/2021","73.39","70.06","75.89","70.06","","4.96%"
"07/06/2021","69.92","69.25","69.92","69.00","","1.25%"
"07/05/2021","69.06","67.70","69.55","67.64","","2.04%"
"07/02/2021","67.68","67.25","68.94","66.08","","0.58%"
"07/01/2021","67.29","65.80","68.33","64.59","","2.51%"
"06/30/2021","65.64","65.90","67.28","65.15","","0.27%"
"06/29/2021","65.46","63.80","65.84","63.57","","2.47%"
"06/28/2021","63.88","64.20","64.21","62.30","","-0.50%"
"06/25/2021","64.20","62.59","64.47","62.33","","2.70%"
"06/24/2021","62.51","60.43","63.08","60.24","","3.73%"
"06/23/2021","60.26","59.13","60.28","58.55","","3.45%"
"06/22/2021","58.25","59.41","59.53","57.10","","-1.97%"
"06/21/2021","59.42","60.02","60.12","58.76","","-0.95%"
"06/18/2021","59.99","59.20","60.48","58.81","","1.52%"
"06/17/2021","59.09","59.80","61.02","58.52","","-1.20%"
"06/16/2021","59.81","57.87","59.95","57.87","","1.75%"
"06/15/2021","58.78","59.00","60.07","58.56","","0.51%"
"06/14/2021","58.48","58.54","59.17","58.02","182.61K","0.31%"
"06/11/2021","58.30","58.67","58.86","58.02","610.15K","-0.17%"
"06/10/2021","58.40","60.00","60.20","58.10","1.91M","-2.08%"
"06/09/2021","59.64","59.50","60.23","58.88","1.52M","0.66%"
"06/08/2021","59.25","59.02","61.18","58.27","1.95M","0.34%"
"06/07/2021","59.05","58.40","59.44","58.25","893.62K","0.48%"
"06/04/2021","58.77","59.00","59.26","57.50","964.78K","-0.69%"
"06/02/2021","59.18","59.40","59.74","59.00","886.59K","-0.05%"
"06/01/2021","59.21","58.90","59.96","57.89","1.18M","2.69%"
"05/31/2021","57.66","58.70","58.82","57.28","487.81K","-1.44%"
"05/28/2021","58.50","58.50","58.83","57.60","1.48M","0.38%"
"05/27/2021","58.28","58.15","58.85","57.51","2.32M","-0.21%"
"05/26/2021","58.40","58.71","58.74","57.33","609.81K","0.00%"
"05/25/2021","58.40","56.94","58.90","56.94","1.02M","2.64%"
"05/24/2021","56.90","57.46","57.50","56.80","527.24K","-0.97%"
"05/21/2021","57.46","57.75","57.75","56.67","1.89M","0.44%"
"05/20/2021","57.21","57.50","57.70","56.55","1.10M","0.02%"
"05/19/2021","57.20","57.50","57.70","56.45","3.57M","0.35%"
"05/18/2021","57.00","55.74","58.75","55.71","3.94M","2.50%"
"05/17/2021","55.61","53.00","55.98","52.80","2.80M","6.13%"
"05/14/2021","52.40","52.00","52.40","49.10","2.25M","2.28%"
"05/13/2021","51.23","54.40","55.86","51.12","4.04M","-2.12%"
"05/12/2021","52.34","51.90","52.93","51.85","1.48M","1.04%"
"05/11/2021","51.80","53.00","53.25","51.74","1.12M","-2.58%"
"05/10/2021","53.17","55.04","55.47","52.50","968.19K","-3.08%"
"05/07/2021","54.86","51.11","54.98","50.90","1.43M","6.28%"
"05/06/2021","51.62","53.00","53.63","51.23","2.18M","-2.62%"
"05/05/2021","53.01","54.20","54.87","52.88","1.12M","-1.98%"
"05/04/2021","54.08","57.75","57.83","54.08","1.48M","-6.98%"
"04/30/2021","58.14","57.50","58.34","55.87","1.34M","1.29%"
"04/29/2021","57.40","57.99","58.45","57.10","982.92K","-0.17%"
"04/28/2021","57.50","56.76","57.70","56.15","1.30M","1.73%"
"04/27/2021","56.52","56.79","57.29","56.01","633.13K","-0.14%"
"04/26/2021","56.60","56.80","57.18","55.91","927.04K","0.18%"
"04/23/2021","56.50","56.20","56.68","55.49","1.35M","0.53%"
"04/22/2021","56.20","54.90","56.78","54.65","1.46M","3.37%"
"04/21/2021","54.37","55.00","55.96","54.22","1.25M","-1.15%"
"04/20/2021","55.00","56.24","56.92","54.16","1.30M","-2.17%"
"04/19/2021","56.22","57.15","58.31","55.78","810.23K","-1.64%"
"04/16/2021","57.16","58.00","58.48","57.16","1.11M","-2.02%"
"04/15/2021","58.34","59.25","59.44","57.80","1.01M","-1.54%"
"04/14/2021","59.25","57.91","59.25","57.71","1.27M","3.26%"
"04/13/2021","57.38","57.54","57.89","56.70","853.51K","0.24%"
"04/12/2021","57.24","58.30","58.40","56.52","958.94K","-2.15%"
"04/09/2021","58.50","56.44","59.03","56.01","2.19M","4.15%"
"04/08/2021","56.17","56.90","56.90","55.81","1.03M","-0.69%"
"04/07/2021","56.56","57.35","57.38","55.80","1.65M","-1.63%"
"04/06/2021","57.50","57.04","57.60","56.60","1.85M","2.57%"
"04/01/2021","56.06","56.45","56.70","55.60","3.01M","0.88%"
"03/31/2021","55.57","55.00","55.67","53.64","3.80M","1.83%"
"03/30/2021","54.57","53.30","54.72","52.80","2.39M","3.63%"
"03/29/2021","52.66","53.40","54.40","52.05","3.38M","-0.17%"
"03/26/2021","52.75","53.50","53.70","51.90","2.50M","-0.21%"
"03/25/2021","52.86","54.98","55.50","51.96","4.05M","-3.01%"
"03/24/2021","54.50","56.59","56.59","53.41","4.84M","-4.05%"
"03/23/2021","56.80","58.73","59.16","56.30","4.00M","-3.40%"
"03/22/2021","58.80","60.00","60.10","58.50","16.05M","-1.41%"
"03/19/2021","59.64","59.99","60.04","59.43","7.73M","-0.55%"
"03/18/2021","59.97","60.00","60.69","58.59","6.26M","0.35%"
"03/17/2021","59.76","60.00","60.30","58.10","18.03M","-6.08%"
"03/16/2021","63.63","64.00","64.79","63.18","877.02K","-0.03%"
"03/15/2021","63.65","64.60","64.96","63.44","1.22M","-1.58%"
"03/12/2021","64.67","65.50","65.50","64.25","1.07M","-0.15%"
"03/11/2021","64.77","65.50","66.20","64.65","883.47K","-0.35%"
"03/10/2021","65.00","64.90","66.15","64.31","887.58K","0.78%"
"03/09/2021","64.50","63.20","65.30","63.03","1.59M","1.51%"
"03/08/2021","63.54","64.10","65.00","63.03","1.53M","-0.72%"
"03/05/2021","64.00","63.72","64.35","63.46","2.51M","-1.14%"
"03/04/2021","64.74","67.00","67.38","63.69","3.55M","-2.59%"
"03/03/2021","66.46","67.50","68.20","65.02","2.89M","-0.45%"
"03/02/2021","66.76","63.95","67.46","63.19","3.12M","5.85%"
"03/01/2021","63.07","65.00","65.35","62.50","1.35M","-1.94%"
"02/26/2021","64.32","64.10","64.43","61.50","1.62M","-0.20%"
"02/25/2021","64.45","65.01","65.65","64.38","1.03M","-0.85%"
"02/24/2021","65.00","65.00","66.70","64.50","1.29M","0.54%"
"02/23/2021","64.65","67.30","67.30","64.24","1.59M","-3.51%"
"02/22/2021","67.00","67.00","68.09","66.81","1.36M","-0.74%"
"02/19/2021","67.50","69.03","69.70","67.50","3.77M","-1.65%"
"02/18/2021","68.63","69.10","69.47","68.43","1.02M","-0.61%"
"02/17/2021","69.05","70.26","70.30","68.90","2.52M","-0.65%"
"02/16/2021","69.50","70.00","71.07","69.50","1.39M","0.87%"
"02/15/2021","68.90","69.70","70.31","68.36","2.11M","-0.14%"
"02/12/2021","69.00","69.10","71.56","68.85","1.83M","0.73%"
"02/11/2021","68.50","65.50","69.78","65.15","3.06M","5.30%"
"02/10/2021","65.05","68.50","68.88","65.05","1.89M","-4.83%"
"02/09/2021","68.35","69.00","69.20","67.76","652.22K","0.22%"
"02/08/2021","68.20","70.24","70.57","68.15","474.65K","-3.00%"
"02/05/2021","70.31","69.75","71.11","69.58","586.45K","0.88%"
"02/04/2021","69.70","71.00","71.48","69.25","654.91K","-1.98%"
"02/03/2021","71.11","72.09","72.45","70.44","1.68M","-1.28%"
"02/02/2021","72.03","72.36","72.66","71.66","850.28K","0.04%"
"02/01/2021","72.00","73.80","73.95","69.75","1.97M","-2.04%"
"01/29/2021","73.50","71.63","74.00","70.46","2.24M","2.61%"
"01/28/2021","71.63","70.54","71.94","67.35","2.04M","1.55%"
"01/27/2021","70.54","75.99","77.48","69.04","5.39M","-5.92%"
"01/26/2021","74.98","70.70","75.86","70.00","3.90M","6.13%"
"01/25/2021","70.65","72.30","73.32","70.40","1.30M","-2.82%"
"01/22/2021","72.70","73.85","73.85","72.33","1.90M","-0.59%"
"01/21/2021","73.13","73.71","75.55","72.78","1.14M","-0.71%"
"01/20/2021","73.65","75.00","75.29","72.10","1.26M","-1.80%"
"01/19/2021","75.00","77.84","77.97","74.40","1.33M","-3.59%"
"01/18/2021","77.79","76.90","77.89","75.65","432.65K","1.36%"
"01/15/2021","76.75","79.00","79.50","75.15","1.17M","-2.20%"
"01/14/2021","78.48","78.00","78.99","77.80","769.41K","0.10%"
"01/13/2021","78.40","80.40","80.65","77.50","1.01M","-2.00%"
"01/12/2021","80.00","81.30","82.30","79.34","662.23K","-0.62%"
"01/11/2021","80.50","81.75","82.84","79.10","895.25K","-0.11%"
"01/08/2021","80.59","83.16","83.89","78.35","1.60M","-2.82%"
"01/07/2021","82.93","86.85","87.50","82.80","1.41M","-3.56%"
"01/05/2021","85.99","84.00","87.29","83.80","1.27M","1.88%"
"01/04/2021","84.40","84.00","85.84","83.40","1.19M","-0.35%"
"12/30/2020","84.70","85.32","85.90","84.56","775.11K","-1.47%"
"12/29/2020","85.96","87.10","87.35","85.02","511.73K","-0.68%"
"12/28/2020","86.55","85.99","86.76","84.49","590.45K","1.00%"
"12/23/2020","85.69","83.67","85.88","83.21","583.66K","3.19%"
"12/22/2020","83.04","81.10","85.65","81.10","915.08K","2.46%"
"12/21/2020","81.05","81.05","81.05","81.05","1.46M","-5.87%"
"12/18/2020","86.10","87.00","88.00","84.49","8.81M","0.17%"
"12/17/2020","85.95","86.00","87.78","85.53","1.29M","1.12%"
"12/16/2020","85.00","85.50","88.59","84.20","1.34M","0.09%"
"12/15/2020","84.92","83.65","86.40","83.01","1.83M","1.52%"
"12/14/2020","83.65","80.00","84.70","79.31","1.87M","4.82%"
"12/11/2020","79.80","78.65","79.80","77.30","1.35M","1.40%"
"12/10/2020","78.70","76.04","78.96","75.86","1.17M","4.14%"
"12/09/2020","75.57","78.20","78.35","75.50","1.30M","-3.44%"
"12/08/2020","78.26","75.00","78.26","73.91","1.24M","5.12%"
"12/07/2020","74.45","75.50","75.50","72.60","2.40M","-1.39%"
"12/04/2020","75.50","74.80","75.86","74.60","2.17M","0.94%"
"12/03/2020","74.80","75.60","76.40","74.80","1.44M","-0.53%"
"12/02/2020","75.20","74.20","75.87","74.00","1.11M","0.25%"
"12/01/2020","75.01","78.50","78.50","75.01","1.04M","-2.67%"
"11/30/2020","77.07","75.00","77.60","74.32","3.32M","2.76%"
"11/27/2020","75.00","72.68","76.00","70.70","1.89M","1.08%"
"11/26/2020","74.20","77.00","77.32","74.00","1.94M","-6.48%"
"11/25/2020","79.34","75.50","79.34","75.02","2.03M","1.37%"
"11/24/2020","78.27","76.60","79.20","73.46","2.36M","2.18%"
"11/23/2020","76.60","79.60","81.62","75.00","2.95M","-2.20%"
"11/20/2020","78.32","73.29","79.45","72.74","3.33M","8.93%"
"11/19/2020","71.90","67.67","71.90","67.45","2.65M","6.84%"
"11/18/2020","67.30","67.80","69.99","65.30","3.15M","-0.87%"
"11/17/2020","67.89","71.20","71.44","67.40","4.08M","-6.22%"
"11/16/2020","72.39","76.05","76.48","72.11","2.73M","-4.60%"
"11/13/2020","75.88","79.95","80.36","74.70","3.63M","-4.55%"
"11/12/2020","79.50","84.41","84.60","79.45","4.99M","-3.93%"
"11/10/2020","82.75","89.00","89.00","82.62","4.48M","-8.67%"
"11/09/2020","90.61","94.00","95.30","84.60","4.58M","-1.65%"
"11/06/2020","92.13","88.00","93.00","87.87","2.86M","5.22%"
"11/05/2020","87.56","88.30","89.60","86.70","1.30M","1.12%"
"11/04/2020","86.59","83.00","87.20","82.50","2.03M","3.47%"
"11/03/2020","83.69","85.40","85.50","82.12","1.91M","-0.57%"
"11/02/2020","84.17","81.20","85.44","81.18","2.94M","4.62%"
"10/30/2020","80.45","85.00","86.80","80.00","1.85M","-6.39%"
"10/29/2020","85.94","88.00","90.37","84.63","1.85M","-1.97%"
"10/28/2020","87.67","94.64","96.55","82.10","4.16M","-7.36%"
"10/27/2020","94.64","91.60","98.78","90.40","4.00M","3.21%"
"10/26/2020","91.70","89.00","92.86","85.50","2.75M","3.03%"
"10/23/2020","89.00","86.37","89.00","85.43","30.87M","4.25%"
"10/22/2020","85.37","83.84","89.00","83.72","5.13M","1.43%"
"10/21/2020","84.17","85.99","85.99","82.12","2.73M","-0.98%"
"10/20/2020","85.00","83.45","85.60","83.33","3.05M","1.92%"
"10/19/2020","83.40","81.45","83.62","79.80","3.21M","2.39%"
"10/16/2020","81.45","80.00","85.44","79.25","15.48M","2.81%"
"10/15/2020","79.22","76.00","80.00","71.52","6.24M","4.29%"
"10/14/2020","75.96","84.00","90.30","71.25","16.73M","-5.05%"
"10/13/2020","80.00","72.00","80.00","71.08","18.45M","14.29%"